{"step": 223, "val_loss": 5.414425373077393, "_timestamp": 1732885185.0047114, "_runtime": 227.66552138328552, "_step": 224, "train_loss": 4.043247699737549, "learning_rate": 0.00018797202797202797, "grad_norm": 0.3600901663303375, "tokens_per_sec": 594528.2500809729, "_wandb": {"runtime": 227}}