{"step": 1355, "val_loss": 4.686337471008301, "_timestamp": 1732884546.7646785, "_runtime": 1236.1456055641174, "_step": 1361, "train_loss": 4.643463134765625, "learning_rate": 5.983822605913569e-05, "grad_norm": 0.1674497425556183, "tokens_per_sec": 597915.8422780489, "_wandb": {"runtime": 1233}}