{"step": 53, "val_loss": 5.414425373077393, "_timestamp": 1732885274.7304, "_runtime": 74.29340720176697, "_step": 59, "train_loss": 5.1993794441223145, "learning_rate": 4.531468531468531e-05, "grad_norm": 1.1735824346542358, "tokens_per_sec": 594805.1676775633, "gpt2-multi-softmax_20241129_205959_generated_samples": {"_type": "table-file", "sha256": "a7725ffecb142878847c143a7141ada592feb4bdb2b4caaa3e6c9cd7b65ca4ad", "size": 1118, "artifact_path": "wandb-client-artifact://it9dur2ihur7vgfnecza75dkueqg6n3lusrn1bf09aucelcjwkd3zmge7h1x9xbxdkjjaa4jbluzzi9pqtqdy521833vnwwipslm1o6imdb538yg3ns2cywi3sow6zm5/gpt2-multi-softmax_20241129_205959_generated_samples.table.json", "_latest_artifact_path": "wandb-client-artifact://7fri1d7wdwn0kcy8s01oeern9rmyg18wxpfe4p3ztiy25brpml8rq32voywh8lf5t7sfll8fq2u65n93p9oip200wz3ob8sq9fyklswzfj3f9vn8vgg54q8s1u5kwag4:latest/gpt2-multi-softmax_20241129_205959_generated_samples.table.json", "path": "media/table/gpt2-multi-softmax_20241129_205959_generated_samples_55_a7725ffecb142878847c.table.json", "ncols": 4, "nrows": 5}, "_wandb": {"runtime": 73}}